ST_NAME,YEAR,PC_NO,PC_NAME,PC_TYPE,CAND_NAME,CAND_SEX,PARTYNAME,PARTYABBRE,TOTVOTPOLL,ELECTORS
Andhra Pradesh,1977,31,Secunderabad,GEN,Y. Rajendra Babu,M,Independents,IND,2917,615045
Andhra Pradesh,1977,31,Secunderabad,GEN,K. Joseph Reddy,M,Independents,IND,3287,615045
Andhra Pradesh,1977,31,Secunderabad,GEN,D. V. S. S. Murthy,M,Independents,IND,4638,615045
Andhra Pradesh,1977,31,Secunderabad,GEN,T. Laxmi Kantamma,F,Bharatiya Lok Dal,BLD,156383,615045
Andhra Pradesh,1977,31,Secunderabad,GEN,M. M. Hashim,M,Indian National Congress,INC,160230,615045
Andhra Pradesh,1977,32,Siddipet,SC,T.N. Sadalakshmi,F,Bharatiya Lok Dal,BLD,129507,616118
Andhra Pradesh,1977,32,Siddipet,SC,G.Venkataswamy,M,Indian National Congress,INC,232377,616118
Andhra Pradesh,1977,33,Medak,GEN,Siripuram Lakshmikantha Rao,M,Independents,IND,637,635388
Andhra Pradesh,1977,33,Medak,GEN,Mirza Jamil Ahmed Baig,M,Independents,IND,4006,635388
Andhra Pradesh,1977,33,Medak,GEN,Radhey Shyam,M,Independents,IND,5532,635388
Andhra Pradesh,1977,33,Medak,GEN,Shankeraiah,M,Independents,IND,11630,635388
Andhra Pradesh,1977,33,Medak,GEN,Narasimba Reddy,M,Bharatiya Lok Dal,BLD,96303,635388
Andhra Pradesh,1977,33,Medak,GEN,Mallikarjun,M,Indian National Congress,INC,239813,635388
Andhra Pradesh,1977,34,Nizamabad,GEN,B. Rama Krishna Rao,M,Independents,IND,5788,568014
Andhra Pradesh,1977,34,Nizamabad,GEN,Samala Vithal Reddy,M,Independents,IND,6051,568014
Andhra Pradesh,1977,34,Nizamabad,GEN,Gangareddy,M,Bharatiya Lok Dal,BLD,92898,568014
Andhra Pradesh,1977,34,Nizamabad,GEN,Mudaganti Ram Gopal Reddy,M,Indian National Congress,INC,252291,568014
Andhra Pradesh,1977,35,Adilabad,GEN,Thakur Mukteshwar Singh,M,Independents,IND,27652,548091
Andhra Pradesh,1977,35,Adilabad,GEN,Gopidi Ganga Reddy,M,Bharatiya Lok Dal,BLD,96244,548091
Andhra Pradesh,1977,35,Adilabad,GEN,G. Narsimha Reddy,M,Indian National Congress,INC,167410,548091
Andhra Pradesh,1977,36,Peddapalli,SC,G. Venkataiah,M,Independents,IND,2990,638114
Andhra Pradesh,1977,36,Peddapalli,SC,Ande Bhanumurthy,M,Independents,IND,3581,638114
Andhra Pradesh,1977,36,Peddapalli,SC,Bangaru Lakshman,M,Bharatiya Lok Dal,BLD,104110,638114
Andhra Pradesh,1977,36,Peddapalli,SC,V. Tulsiram,M,Indian National Congress,INC,209187,638114
Andhra Pradesh,1977,37,Karimnagar,GEN,Aleti Raja Prabhakar Reddy,M,Independents,IND,6827,650519
Andhra Pradesh,1977,37,Karimnagar,GEN,Chennamaneni Rajeswara Rao,M,Communist Party Of India,CPI,44055,650519
Andhra Pradesh,1977,37,Karimnagar,GEN,Juvvadi Gautma Rao,M,Bharatiya Lok Dal,BLD,96301,650519
Andhra Pradesh,1977,37,Karimnagar,GEN,M. Satyanarayan Rao,M,Indian National Congress,INC,210349,650519
Andhra Pradesh,1977,38,Hanamkonda,GEN,Chakkilla Satyanarayana,M,Independents,IND,4881,615143
Andhra Pradesh,1977,38,Hanamkonda,GEN,P. Janardhan Reddy,M,Bharatiya Lok Dal,BLD,153910,615143
Andhra Pradesh,1977,38,Hanamkonda,GEN,P. V. Narsimha Rao,M,Indian National Congress,INC,231593,615143
Andhra Pradesh,1977,39,Warangal,GEN,Prabhakar Rao,M,Independents,IND,3787,581239
Andhra Pradesh,1977,39,Warangal,GEN,Jangareddy Chandabatla,M,Bharatiya Lok Dal,BLD,128589,581239
Andhra Pradesh,1977,39,Warangal,GEN,S. B. Giri,M,Indian National Congress,INC,251211,581239
Andhra Pradesh,1977,40,Khammam,GEN,K. I. Vidya Sagar,M,Independents,IND,2868,596499
Andhra Pradesh,1977,40,Khammam,GEN,Nallamala Prasada Rao,M,Communist Party Of India,CPI,72530,596499
Andhra Pradesh,1977,40,Khammam,GEN,Yalamanchili Radha Krushna Murthy,M,Communist Party Of India (Marxist),CPM,122628,596499
Andhra Pradesh,1977,40,Khammam,GEN,Jalagam Kondala Rao,M,Indian National Congress,INC,208617,596499
Andhra Pradesh,1977,41,Nalgonda,GEN,Dharma Bhiksham Bommagani,M,Communist Party Of India,CPI,80632,631059
Andhra Pradesh,1977,41,Nalgonda,GEN,Marepalli Jagan Mohan Reddy,M,Bharatiya Lok Dal,BLD,101858,631059
Andhra Pradesh,1977,41,Nalgonda,GEN,Mohd. Abdul Lateef,M,Indian National Congress,INC,208892,631059
Andhra Pradesh,1977,42,Miryalguda,GEN,Mogili Pullaiah,M,Independents,IND,14156,667777
Andhra Pradesh,1977,42,Miryalguda,GEN,Katkuri Ramachandra Reddy,M,Communist Party Of India,CPI,40808,667777
Andhra Pradesh,1977,42,Miryalguda,GEN,Bhimireddi Narasimha Reddy,M,Communist Party Of India (Marxist),CPM,167751,667777
Andhra Pradesh,1977,42,Miryalguda,GEN,G. S. Reddy,M,Indian National Congress,INC,217430,667777
Andhra Pradesh,1980,1,Srikakulam,GEN,Venkataramana Chodi Pilli,M,Independents,IND,3242,647603
Andhra Pradesh,1980,1,Srikakulam,GEN,Bompalli Ramanna,M,Independents,IND,5042,647603
Andhra Pradesh,1980,1,Srikakulam,GEN,Majji Sriramulu,M,Independents,IND,12619,647603
Andhra Pradesh,1980,1,Srikakulam,GEN,Metta Jaggu Bhatlu,M,Independents,IND,20275,647603
Andhra Pradesh,1980,1,Srikakulam,GEN,Majji Narayana Rao,M,Janta Party,JNP,43205,647603
Andhra Pradesh,1980,1,Srikakulam,GEN,Gouthu Latchanna,M,Janta Party (Secular),JNP(S),118347,647603
Andhra Pradesh,1980,1,Srikakulam,GEN,Rajagopalarao Boddepalli,M,Indian Natioanl Congress (I),INC(I),197336,647603
Andhra Pradesh,1980,2,Parvathipuram,ST,Arika Gumpaswamy,M,Independents,IND,21652,619702
Andhra Pradesh,1980,2,Parvathipuram,ST,Narsimha Rao Viswasrai,M,Indian Natioanl Congress (I),INC(I),158379,619702
Andhra Pradesh,1980,2,Parvathipuram,ST,K.C.Suryanarayana Deo Vyricherla,M,Indian National Congress (U),INC(U),173179,619702
Andhra Pradesh,1980,3,Bobbili,GEN,Apparao Gudivada,M,Independents,IND,4320,651967
Andhra Pradesh,1980,3,Bobbili,GEN,Ramabhadraraju Pakalapati,M,Independents,IND,6051,651967
Andhra Pradesh,1980,3,Bobbili,GEN,Gottapu Appalanaidu,M,Independents,IND,8431,651967
Andhra Pradesh,1980,3,Bobbili,GEN,Yalla Sesibhushana Rao,M,Janta Party (Secular),JNP(S),35021,651967
Andhra Pradesh,1980,3,Bobbili,GEN,Gedela Prasada Rao,M,Janta Party,JNP,51037,651967
Andhra Pradesh,1980,3,Bobbili,GEN,P.V.Gajapathi Raju,M,Indian Natioanl Congress (I),INC(I),189163,651967
Andhra Pradesh,1980,4,Visakhapatnam,GEN,Bonu Lakshamana Rao,M,Independents,IND,14438,723703
Andhra Pradesh,1980,4,Visakhapatnam,GEN,Nidadavolu Ramakrishna Raju,M,Independents,IND,16072,723703
Andhra Pradesh,1980,4,Visakhapatnam,GEN,Bhattam Srirama Murthy,M,Indian National Congress (U),INC(U),171946,723703
Andhra Pradesh,1980,4,Visakhapatnam,GEN,Appalaswamy Kommuru,M,Indian Natioanl Congress (I),INC(I),206581,723703
Andhra Pradesh,1980,5,Bhadrachalam,ST,Alam Lakshmaiah,M,Independents,IND,5732,669348
Andhra Pradesh,1980,5,Bhadrachalam,ST,K.P.Shanti Raju,M,Independents,IND,7212,669348
Andhra Pradesh,1980,5,Bhadrachalam,ST,Karam Bappanna Dora,M,Independents,IND,10090,669348
Andhra Pradesh,1980,5,Bhadrachalam,ST,Ratnabai Tadapatla,F,Janta Party,JNP,26760,669348
Andhra Pradesh,1980,5,Bhadrachalam,ST,Karam Chandraiah,M,Communist Party Of India,CPI,79208,669348
Andhra Pradesh,1980,5,Bhadrachalam,ST,B.Radhabai Ananda Rao,F,Indian Natioanl Congress (I),INC(I),147534,669348
Andhra Pradesh,1980,6,Anakapalli,GEN,Madana Veeranna,M,Independents,IND,3119,702428
Andhra Pradesh,1980,6,Anakapalli,GEN,Sri Bala Siva Yagi,M,Independents,IND,3239,702428
Andhra Pradesh,1980,6,Anakapalli,GEN,Samala Chinnayya Dora,M,Independents,IND,3461,702428
Andhra Pradesh,1980,6,Anakapalli,GEN,K.V.Ramesam,M,Independents,IND,5140,702428
Andhra Pradesh,1980,6,Anakapalli,GEN,Salla Chinthalli,F,Independents,IND,5751,702428
Andhra Pradesh,1980,6,Anakapalli,GEN,D.C.Raju,M,Independents,IND,6088,702428
Andhra Pradesh,1980,6,Anakapalli,GEN,Pulibanti Pedakotipalli,M,Independents,IND,7532,702428
Andhra Pradesh,1980,6,Anakapalli,GEN,Koyilada Nuka Raju,M,Independents,IND,7535,702428
Andhra Pradesh,1980,6,Anakapalli,GEN,Peri Srirama Murthy,M,Independents,IND,10849,702428
Andhra Pradesh,1980,6,Anakapalli,GEN,Anand Gajapathi Raju Pusapati,M,Janta Party (Secular),JNP(S),149016,702428
Andhra Pradesh,1980,6,Anakapalli,GEN,Appala Naidu S.R.A.S,M,Indian Natioanl Congress (I),INC(I),178139,702428
Andhra Pradesh,1980,7,Kakinada,GEN,Mohammed Ahmed Ali,M,Independents,IND,1263,741257
Andhra Pradesh,1980,7,Kakinada,GEN,Gurram Kameswa Rao,M,Independents,IND,3459,741257
Andhra Pradesh,1980,7,Kakinada,GEN,Chinta Subba Rao,M,Independents,IND,3859,741257
Andhra Pradesh,1980,7,Kakinada,GEN,Seetharamaraju Saripella,M,Independents,IND,4478,741257
Andhra Pradesh,1980,7,Kakinada,GEN,Bedampudi Satteyya,M,Independents,IND,4496,741257
Andhra Pradesh,1980,7,Kakinada,GEN,Appari Ummamaheswara Rao,M,Independents,IND,4913,741257
Andhra Pradesh,1980,7,Kakinada,GEN,Bandili Moses,M,Independents,IND,11568,741257
Andhra Pradesh,1980,7,Kakinada,GEN,Mulasa Suryanarayana,M,Janta Party (Secular),JNP(S),35353,741257
Andhra Pradesh,1980,7,Kakinada,GEN,Vaddi Mutyala Rao,M,Janta Party,JNP,79924,741257
Andhra Pradesh,1980,7,Kakinada,GEN,Sanjeevi Rao M.S.,M,Indian Natioanl Congress (I),INC(I),242901,741257
Andhra Pradesh,1980,8,Rajahmundry,GEN,Pentaial Seeli,M,Independents,IND,922,756814
Andhra Pradesh,1980,8,Rajahmundry,GEN,Putchala Chinnaial,M,Independents,IND,2003,756814
Andhra Pradesh,1980,8,Rajahmundry,GEN,M.S.Ch. Pattiabhi Rama Rao,M,Independents,IND,2177,756814
Andhra Pradesh,1980,8,Rajahmundry,GEN,Katamraju Varrey,M,Independents,IND,5099,756814
Andhra Pradesh,1980,8,Rajahmundry,GEN,Chinta Subba Rao,M,Independents,IND,8707,756814
Andhra Pradesh,1980,8,Rajahmundry,GEN,Chandramalla Raju,M,Independents,IND,10043,756814
Andhra Pradesh,1980,8,Rajahmundry,GEN,Kantipudi Rama Rao,M,Janta Party,JNP,59704,756814
Andhra Pradesh,1980,8,Rajahmundry,GEN,Gadam Kamaladevi,F,Indian National Congress (U),INC(U),130886,756814
Andhra Pradesh,1980,8,Rajahmundry,GEN,S.B.P.Pattabhi Rama Rao,M,Indian Natioanl Congress (I),INC(I),249377,756814
Andhra Pradesh,1980,9,Amalapuram,SC,Janga Srinivasa Rao,M,Independents,IND,8156,668727
Andhra Pradesh,1980,9,Amalapuram,SC,Bonthu Venkateswara Rao,M,Indian National Congress (U),INC(U),20725,668727
Andhra Pradesh,1980,9,Amalapuram,SC,Iswari Bai,F,Janta Party,JNP,123193,668727
Andhra Pradesh,1980,9,Amalapuram,SC,Kusuma Krishnamurthi,M,Indian Natioanl Congress (I),INC(I),244283,668727
Andhra Pradesh,1980,10,Narasapur,GEN,Maddala Veeraswamy,M,Independents,IND,2781,721681
Andhra Pradesh,1980,10,Narasapur,GEN,Dosa Venkataramana Rao,M,Independents,IND,3930,721681
Andhra Pradesh,1980,10,Narasapur,GEN,Gudimetla Verahala Reddy,M,Janta Party,JNP,49062,721681
Andhra Pradesh,1980,10,Narasapur,GEN,Uddaraju Ramam,M,Communist Party Of India (Marxist),CPM,114156,721681
Andhra Pradesh,1980,10,Narasapur,GEN,Alluri Subhaschandra Bose,M,Indian Natioanl Congress (I),INC(I),272124,721681
Andhra Pradesh,1980,11,Eluru,GEN,Vase Rama Rao,M,Independents,IND,812,732089
Andhra Pradesh,1980,11,Eluru,GEN,Mohd. Sheriff,M,Independents,IND,1319,732089
Andhra Pradesh,1980,11,Eluru,GEN,M.Krishnamohana Rao Thammareddy,M,Independents,IND,2395,732089
Andhra Pradesh,1980,11,Eluru,GEN,Chakka Sreeramulu,M,Independents,IND,4364,732089
Andhra Pradesh,1980,11,Eluru,GEN,Payyati Venkateshwara Vaidya,M,Independents,IND,4760,732089
Andhra Pradesh,1980,11,Eluru,GEN,Krishnamurthy Yeeranki,M,Independents,IND,5768,732089
Andhra Pradesh,1980,11,Eluru,GEN,Kaparde M.V.N.,M,Communist Party Of India,CPI,81390,732089
Andhra Pradesh,1980,11,Eluru,GEN,K.Suryanarayana,M,Janta Party,JNP,83470,732089
Andhra Pradesh,1980,11,Eluru,GEN,Chittoori Subbarao Chowdary,M,Indian Natioanl Congress (I),INC(I),266805,732089
Andhra Pradesh,1980,12,Machilipatnam,GEN,Venkataswamy Koonati,M,Independents,IND,2331,702268
Andhra Pradesh,1980,12,Machilipatnam,GEN,Nutakki Ramabrahmam,M,Independents,IND,4235,702268
Andhra Pradesh,1980,12,Machilipatnam,GEN,K.Durgaprasad Parimkayala,M,Janta Party (Secular),JNP(S),91438,702268
Andhra Pradesh,1980,12,Machilipatnam,GEN,Buragadda Niranjana Rao,M,Janta Party,JNP,115108,702268
Andhra Pradesh,1980,12,Machilipatnam,GEN,Ankineedu Maganti,M,Indian Natioanl Congress (I),INC(I),249444,702268
Andhra Pradesh,1980,13,Vijayawada,GEN,C.Purnachandra Rao,M,Independents,IND,1478,765506
Andhra Pradesh,1980,13,Vijayawada,GEN,Velamarthi Sikhamani,M,Independents,IND,1868,765506
Andhra Pradesh,1980,13,Vijayawada,GEN,Alasapuri Rajaiah,M,Independents,IND,3704,765506
Andhra Pradesh,1980,13,Vijayawada,GEN,Dasari Nagabhushana Rao,M,Communist Party Of India,CPI,129074,765506
Andhra Pradesh,1980,13,Vijayawada,GEN,K.L.Rao,M,Janta Party,JNP,141920,765506
Andhra Pradesh,1980,13,Vijayawada,GEN,Vidya Chennupati,F,Indian Natioanl Congress (I),INC(I),240622,765506
Andhra Pradesh,1980,14,Tenali,GEN,Ballarapu Raja Rao,M,Independents,IND,4448,705166
Andhra Pradesh,1980,14,Tenali,GEN,Choppara Sadhu,M,Independents,IND,5455,705166
Andhra Pradesh,1980,14,Tenali,GEN,Kamuru Koti Reddy,M,Independents,IND,5675,705166
Andhra Pradesh,1980,14,Tenali,GEN,Adams Kondamudi,M,Janta Party,JNP,66922,705166
Andhra Pradesh,1980,14,Tenali,GEN,Lavu Balagangadhara Rao,M,Communist Party Of India (Marxist),CPM,144457,705166
Andhra Pradesh,1980,14,Tenali,GEN,Meduri Nageswara Rao,M,Indian Natioanl Congress (I),INC(I),214807,705166
Andhra Pradesh,1980,15,Guntur,GEN,Velaga Ankamma Rao,M,Independents,IND,1801,841689
Andhra Pradesh,1980,15,Guntur,GEN,D. Satyanarayana Murthy,M,Independents,IND,4885,841689
Andhra Pradesh,1980,15,Guntur,GEN,Venkatareddy Kolli,M,Independents,IND,6081,841689
Andhra Pradesh,1980,15,Guntur,GEN,G. Krishna Kumari,F,Janta Party,JNP,77813,841689
Andhra Pradesh,1980,15,Guntur,GEN,K. Sadasiva Rao,M,Janta Party (Secular),JNP(S),95625,841689
Andhra Pradesh,1980,15,Guntur,GEN,N. G. Ranga,M,Indian Natioanl Congress (I),INC(I),252961,841689
Andhra Pradesh,1980,16,Bapatla,GEN,Dattatreya Konuri Kannaiah,M,Independents,IND,3167,762427
Andhra Pradesh,1980,16,Bapatla,GEN,Sesha Bramhachari Ravuri,M,Independents,IND,3889,762427
Andhra Pradesh,1980,16,Bapatla,GEN,Kalva Varadarajulu,M,Independents,IND,7517,762427
Andhra Pradesh,1980,16,Bapatla,GEN,Pragada Kotaiah,M,Janta Party,JNP,99024,762427
Andhra Pradesh,1980,16,Bapatla,GEN,Sambaiah Pallaprolu,M,Janta Party (Secular),JNP(S),106375,762427
Andhra Pradesh,1980,16,Bapatla,GEN,Ankineedu Prasada Rao Pamulapati,M,Indian Natioanl Congress (I),INC(I),258116,762427
Andhra Pradesh,1980,17,Narasaraopet,GEN,Bethapudi Prasada Rao,M,Independents,IND,2247,820316
Andhra Pradesh,1980,17,Narasaraopet,GEN,Sura Subbarayudu,M,Independents,IND,2645,820316
Andhra Pradesh,1980,17,Narasaraopet,GEN,Pattan Mahbub Khan,M,Independents,IND,2763,820316
Andhra Pradesh,1980,17,Narasaraopet,GEN,T.K. Kothanda Ram,M,Independents,IND,2913,820316
Andhra Pradesh,1980,17,Narasaraopet,GEN,P.Satyanarayana Sastry,M,Independents,IND,4881,820316
Andaman & Nicobar Islands,1977,1,Andaman & Nicobar Islands,GEN,K.R. Ganesh,M,Independents,IND,25168,85308
Andaman & Nicobar Islands,1977,1,Andaman & Nicobar Islands,GEN,Manoranjan Bhakta,M,Indian National Congress,INC,35400,85308
Andaman & Nicobar Islands,1980,1,Andaman & Nicobar Islands,GEN,Ramesh Mazumdar,M,Independents,IND,109,96084
Andaman & Nicobar Islands,1980,1,Andaman & Nicobar Islands,GEN,Alagiri Swamy,M,Independents,IND,125,96084
Andaman & Nicobar Islands,1980,1,Andaman & Nicobar Islands,GEN,Kannu Chemy,M,Independents,IND,405,96084
Andaman & Nicobar Islands,1980,1,Andaman & Nicobar Islands,GEN,K.N. Raju,M,Independents,IND,470,96084
Andaman & Nicobar Islands,1980,1,Andaman & Nicobar Islands,GEN,Rajender Lall Saha,M,Janta Party (Secular),JNP(S),717,96084
Andaman & Nicobar Islands,1980,1,Andaman & Nicobar Islands,GEN,Karpu Swamy,M,Independents,IND,1123,96084
Andaman & Nicobar Islands,1980,1,Andaman & Nicobar Islands,GEN,Samar Choudhury,M,Janta Party,JNP,2034,96084
Andaman & Nicobar Islands,1980,1,Andaman & Nicobar Islands,GEN,K. Kanda Swamy,M,Independents,IND,15856,96084
Andaman & Nicobar Islands,1980,1,Andaman & Nicobar Islands,GEN,P.K.S. Prasad,M,Communist Party Of India (Marxist),CPM,16014,96084
Andaman & Nicobar Islands,1980,1,Andaman & Nicobar Islands,GEN,Manoranjan Bhakta,M,Indian Natioanl Congress (I),INC(I),42046,96084
Andaman & Nicobar Islands,1984,1,Andaman & Nicobar Islands,GEN,Kandaswamy,M,Independent,IND,505,115565
Andaman & Nicobar Islands,1984,1,Andaman & Nicobar Islands,GEN,Mahananda Biswas,M,Independent,IND,780,115565
Andaman & Nicobar Islands,1984,1,Andaman & Nicobar Islands,GEN,A.A.J.Hazra,M,Independent,IND,1695,115565
Andaman & Nicobar Islands,1984,1,Andaman & Nicobar Islands,GEN,Nilima Das,F,Communist Party Of India (Marxist),CPM,11086,115565
Andaman & Nicobar Islands,1984,1,Andaman & Nicobar Islands,GEN,K.Kandaswamy,M,Lok Dal,LKD,27883,115565
Andaman & Nicobar Islands,1984,1,Andaman & Nicobar Islands,GEN,Manoranjan Bhakta,M,Indian National Congress,INC,47019,115565
Andaman & Nicobar Islands,1989,1,Andaman & Nicobar Islands,GEN,Shreef J.B.,M,Independent,IND,225,160940
Andaman & Nicobar Islands,1989,1,Andaman & Nicobar Islands,GEN,Zubaida Cheku,F,Independent,IND,553,160940
Andaman & Nicobar Islands,1989,1,Andaman & Nicobar Islands,GEN,Robert R.,M,Independent,IND,806,160940
Andaman & Nicobar Islands,1989,1,Andaman & Nicobar Islands,GEN,Maridar S.M.J,M,Independent,IND,4457,160940
Andaman & Nicobar Islands,1989,1,Andaman & Nicobar Islands,GEN,Kandaswamy K.,M,Indian Congress (Socialist- Sarat Chandra Sinha),ICS(SCS),19172,160940
Andaman & Nicobar Islands,1989,1,Andaman & Nicobar Islands,GEN,Tapan Bepari,M,Communist Party Of India (Marxist),CPM,34469,160940
Andaman & Nicobar Islands,1989,1,Andaman & Nicobar Islands,GEN,Manoranjan Bhakta,M,Indian National Congress,INC,53383,160940
Andaman & Nicobar Islands,1991,1,Andaman & Nicobar Islands,GEN,Sherefe J.B.,M,Independent,IND,205,169120
Andaman & Nicobar Islands,1991,1,Andaman & Nicobar Islands,GEN,Balakrishna Naidu S.V.,M,Independent,IND,454,169120
Andaman & Nicobar Islands,1991,1,Andaman & Nicobar Islands,GEN,Bishnu Pada Ray,M,Bharatiya Janata Party,BJP,5208,169120
Andaman & Nicobar Islands,1991,1,Andaman & Nicobar Islands,GEN,Tapan Bepari,M,Communist Party Of India (Marxist),CPM,47374,169120
Andaman & Nicobar Islands,1991,1,Andaman & Nicobar Islands,GEN,Manoranjan Bhakta,M,Indian National Congress,INC,54075,169120
Andaman & Nicobar Islands,1996,1,Andaman & Nicobar Islands,GEN,Sharieff J B,M,Independent,IND,188,211226
Andaman & Nicobar Islands,1996,1,Andaman & Nicobar Islands,GEN,Balraj S A,M,Independent,IND,258,211226
Andaman & Nicobar Islands,1996,1,Andaman & Nicobar Islands,GEN,Satyanarayana Rao S,M,Independent,IND,448,211226
Andaman & Nicobar Islands,1996,1,Andaman & Nicobar Islands,GEN,Kalimuthu,M,Independent,IND,511,211226
Andaman & Nicobar Islands,1996,1,Andaman & Nicobar Islands,GEN,Mohan N B,M,Janata Party,JP,527,211226
Andaman & Nicobar Islands,1996,1,Andaman & Nicobar Islands,GEN,Mathews P A,M,Independent,IND,544,211226
Andaman & Nicobar Islands,1996,1,Andaman & Nicobar Islands,GEN,Vinod Kumar Gupta,M,Independent,IND,707,211226
Andaman & Nicobar Islands,1996,1,Andaman & Nicobar Islands,GEN,Sundaram S N,M,Independent,IND,927,211226
Andaman & Nicobar Islands,1996,1,Andaman & Nicobar Islands,GEN,Tapan Kumar Bepari,M,Communist Party Of India (Marxist),CPM,18363,211226
Andaman & Nicobar Islands,1996,1,Andaman & Nicobar Islands,GEN,Bishnu Pada Ray,M,Bharatiya Janata Party,BJP,31097,211226
Andaman & Nicobar Islands,1996,1,Andaman & Nicobar Islands,GEN,Manoranjan Bhakta,M,Indian National Congress,INC,74642,211226
Andaman & Nicobar Islands,1998,1,Andaman & Nicobar Islands,GEN,Kalimuthu Dhevar K.,M,Independent,IND,182,232013
Andaman & Nicobar Islands,1998,1,Andaman & Nicobar Islands,GEN,Henry,M,Independent,IND,3509,232013
Andaman & Nicobar Islands,1998,1,Andaman & Nicobar Islands,GEN,Tapan Kumar Bepari,M,Communist Party Of India (Marxist),CPM,8272,232013
Andaman & Nicobar Islands,1998,1,Andaman & Nicobar Islands,GEN,Kuldeep Rai Sharma,M,Indian Congress (Socialist),ICS,29687,232013
Andaman & Nicobar Islands,1998,1,Andaman & Nicobar Islands,GEN,Bishnu Pada Ray,M,Bharatiya Janata Party,BJP,51821,232013
Andaman & Nicobar Islands,1998,1,Andaman & Nicobar Islands,GEN,Manoranjan Bhakta,M,Indian National Congress,INC,52365,232013
Andaman & Nicobar Islands,1999,1,Andaman & Nicobar Islands,GEN,Kali Muthu Dhevar K,M,Independent,IND,136,247384
Andaman & Nicobar Islands,1999,1,Andaman & Nicobar Islands,GEN,Uma Bharathi,F,Nationalist Congress Party,NCP,1015,247384
Andaman & Nicobar Islands,1999,1,Andaman & Nicobar Islands,GEN,Agapil Kujur,M,Independent,IND,4805,247384
Andaman & Nicobar Islands,1999,1,Andaman & Nicobar Islands,GEN,Manoranjan Bhakta,M,Indian National Congress,INC,62944,247384
Andaman & Nicobar Islands,1999,1,Andaman & Nicobar Islands,GEN,Bishnu Pada Ray,M,Bharatiya Janata Party,BJP,76891,247384
Andaman & Nicobar Islands,2004,1,Andaman & Nicobar Islands,GEN,K Perumal,M,SWD,SWD,298,241645
Andaman & Nicobar Islands,2004,1,Andaman & Nicobar Islands,GEN,K Kalimuthu,M,IND,IND,387,241645
Andaman & Nicobar Islands,2004,1,Andaman & Nicobar Islands,GEN,Asit Baran Dutta,M,IND,IND,523,241645
Andaman & Nicobar Islands,2004,1,Andaman & Nicobar Islands,GEN,Gour Chandra Majumder,M,IND,IND,543,241645
Andaman & Nicobar Islands,2004,1,Andaman & Nicobar Islands,GEN,Dr Shanmugam,M,LJNSP,LJNSP,691,241645
Andaman & Nicobar Islands,2004,1,Andaman & Nicobar Islands,GEN,A K Biswas,M,BSP,BSP,1122,241645
Andaman & Nicobar Islands,2004,1,Andaman & Nicobar Islands,GEN,Deepak Biswas,M,IND,IND,1186,241645
Andaman & Nicobar Islands,2004,1,Andaman & Nicobar Islands,GEN,N K P Nair,M,CPI(ML)(L),CPI(ML)(L),1448,241645
Andaman & Nicobar Islands,2004,1,Andaman & Nicobar Islands,GEN,R S Uma Bharathy,F,NCP,NCP,2364,241645
Andaman & Nicobar Islands,2004,1,Andaman & Nicobar Islands,GEN,Tapan Kumar Bepari,M,CPM,CPM,4175,241645
Andaman & Nicobar Islands,2004,1,Andaman & Nicobar Islands,GEN,Bishnu Pada Ray,M,BJP,BJP,55294,241645
Andaman & Nicobar Islands,2004,1,Andaman & Nicobar Islands,GEN,Manoranjan Bhakta,M,INC,INC,85794,241645
Andaman & Nicobar Islands,2009,1,Andaman & Nicobar Islands,<NULL>,Shri. T. Ali,M,Independent,IND,398,265110
Andaman & Nicobar Islands,2009,1,Andaman & Nicobar Islands,<NULL>,Dr. Thankachan,M,Independent,IND,683,265110
Andaman & Nicobar Islands,2009,1,Andaman & Nicobar Islands,<NULL>,Shri. M. S. Mohan,M,Bahujan Samaj Party,BSP,789,265110
Andaman & Nicobar Islands,2009,1,Andaman & Nicobar Islands,<NULL>,Shri. Vakiath Valappil Khalid,M,Independent,IND,1480,265110
Andaman & Nicobar Islands,2009,1,Andaman & Nicobar Islands,<NULL>,Shri. Pradeep Kumar Ekka,M,Jharkhand Disom Party,JDP,1785,265110
Andaman & Nicobar Islands,2009,1,Andaman & Nicobar Islands,<NULL>,Smti. R. S. Uma Bharatthy,F,Nationalist Congress Party,NCP,4696,265110
Andaman & Nicobar Islands,2009,1,Andaman & Nicobar Islands,<NULL>,Shri. P. R. Ganeshan,M,Rashtriya Janata Dal,RJD,4916,265110
Andaman & Nicobar Islands,2009,1,Andaman & Nicobar Islands,<NULL>,Shri Tapan Kumar Bepari,M,Communist Party Of India (Marxist),CPM,7190,265110
Andaman & Nicobar Islands,2009,1,Andaman & Nicobar Islands,<NULL>,Shri. Kuldeep Rai Sharma,M,Indian National Congress,INC,72221,265110
Andaman & Nicobar Islands,2009,1,Andaman & Nicobar Islands,<NULL>,Shri. Bishnu Pada Ray,M,Bharatiya Janata Party,BJP,75211,265110
Andaman & Nicobar Islands,2014,1,Andaman & Nicobar Islands,GEN,A Pandian,M,AIFB,AIFB,225,269360
Andaman & Nicobar Islands,2014,1,Andaman & Nicobar Islands,GEN,N Kannan,M,IND,IND,314,269360
Andaman & Nicobar Islands,2014,1,Andaman & Nicobar Islands,GEN,C G Saji Kumar,M,IND,IND,334,269360
Andaman & Nicobar Islands,2014,1,Andaman & Nicobar Islands,GEN,Raghubir Singh,M,SP,SP,379,269360
Andaman & Nicobar Islands,2014,1,Andaman & Nicobar Islands,GEN,V V Khalid,M,IND,IND,429,269360
Andaman & Nicobar Islands,2014,1,Andaman & Nicobar Islands,GEN,N K P Nair,M,CPI(ML)(L),CPI(ML)(L),436,269360
Andaman & Nicobar Islands,2014,1,Andaman & Nicobar Islands,GEN,Saravanan,M,IND,IND,847,269360
Andaman & Nicobar Islands,2014,1,Andaman & Nicobar Islands,GEN,Gour Chandra Majumder,M,BSP,BSP,1139,269360
Andaman & Nicobar Islands,2014,1,Andaman & Nicobar Islands,GEN,R.S.Uma Bharatthy,F,NCP,NCP,1151,269360
Andaman & Nicobar Islands,2014,1,Andaman & Nicobar Islands,GEN,None Of The Above,NULL,NOTA,NOTA,1564,269360
Andaman & Nicobar Islands,2014,1,Andaman & Nicobar Islands,GEN,Prakash Minj,M,IND,IND,1587,269360
Andaman & Nicobar Islands,2014,1,Andaman & Nicobar Islands,GEN,K.G.Das,M,CPM,CPM,1777,269360
Andaman & Nicobar Islands,2014,1,Andaman & Nicobar Islands,GEN,Anita Mondal,F,AITC,AITC,2283,269360
Andaman & Nicobar Islands,2014,1,Andaman & Nicobar Islands,GEN,Sanjay Meshack,M,AAAP,AAAP,3737,269360
Andaman & Nicobar Islands,2014,1,Andaman & Nicobar Islands,GEN,Kuldeep Rai Sharma,M,INC,INC,83157,269360
Andaman & Nicobar Islands,2014,1,Andaman & Nicobar Islands,GEN,Bishnu Pada Ray,M,BJP,BJP,90969,269360
Andhra Pradesh,1977,1,Srikakulam,GEN,Bompalli Ramanna,M,Independents,IND,15435,585062
Andhra Pradesh,1977,1,Srikakulam,GEN,Gouthu Latchanna,M,Bharatiya Lok Dal,BLD,178391,585062
Andhra Pradesh,1977,1,Srikakulam,GEN,Rajgopalarao Boddepalli,M,Indian National Congress,INC,187125,585062
Andhra Pradesh,1977,2,Parvathipuram,ST,Satya Prasad Thatraj Veeravara Thodarmal,M,Bharatiya Lok Dal,BLD,142710,655999
Andhra Pradesh,1977,2,Parvathipuram,ST,Vyrichorla Kishore Chandra Suryanarayana Deo,M,Indian National Congress,INC,174454,655999
Andhra Pradesh,1977,3,Bobbili,GEN,Appalanaidu Gottapu,M,Independents,IND,2497,635653
Andhra Pradesh,1977,3,Bobbili,GEN,U. L. N. Raju,M,Independents,IND,5070,635653
Andhra Pradesh,1977,3,Bobbili,GEN,Ramulu Botsa,M,Independents,IND,7386,635653
Andhra Pradesh,1977,3,Bobbili,GEN,Apparao Gudivada,M,Independents,IND,9126,635653
Andhra Pradesh,1977,3,Bobbili,GEN,Penta Ramaswamy,M,Independents,IND,15911,635653
Andhra Pradesh,1977,3,Bobbili,GEN,Peesapati Pundarikaksha Chari,M,Bharatiya Lok Dal,BLD,119507,635653
Andhra Pradesh,1977,3,Bobbili,GEN,Pusapati Vijayrama Gajapathi Raju,M,Indian National Congress,INC,171095,635653
Andhra Pradesh,1977,4,Visakhapatnam,GEN,Surendranath Kandala,M,Independents,IND,2528,626272
Andhra Pradesh,1977,4,Visakhapatnam,GEN,M. V. Bhadram,M,Communist Party Of India,CPI,33564,626272
Andhra Pradesh,1977,4,Visakhapatnam,GEN,Tenneti Viswanathan,M,Bharatiya Lok Dal,BLD,128828,626272
Andhra Pradesh,1977,4,Visakhapatnam,GEN,Dronamraju Satyanarayana,M,Indian National Congress,INC,171657,626272
Andhra Pradesh,1977,5,Bhadrachalam,ST,Tellam Sundara Rao,M,Independents,IND,2139,598925
Andhra Pradesh,1977,5,Bhadrachalam,ST,Karam Baapanna Dora,M,Independents,IND,3999,598925
Andhra Pradesh,1977,5,Bhadrachalam,ST,Suraboina Suvarna Kumar,M,Independents,IND,10528,598925
Andhra Pradesh,1977,5,Bhadrachalam,ST,Sode Ramaiah,M,Communist Party Of India,CPI,27966,598925
Andhra Pradesh,1977,5,Bhadrachalam,ST,P. Vani Ramanarao,F,Bharatiya Lok Dal,BLD,59230,598925
Andhra Pradesh,1977,5,Bhadrachalam,ST,Radha Bai Ananda Rao,F,Indian National Congress,INC,155198,598925
Andhra Pradesh,1977,6,Anakapalli,GEN,Bonu Lakshmanarao,M,Independents,IND,4359,708066
Andhra Pradesh,1977,6,Anakapalli,GEN,Chalapathi Rao P. V.,M,Bharatiya Lok Dal,BLD,163292,708066
Andhra Pradesh,1977,6,Anakapalli,GEN,Appalanaidu S. R. A. S.,M,Indian National Congress,INC,199228,708066
Andhra Pradesh,1977,7,Kakinada,GEN,Chintapalli Apparao,M,Independents,IND,3170,656501
Andhra Pradesh,1977,7,Kakinada,GEN,Dadala Ramanayya,M,Independents,IND,5557,656501
Andhra Pradesh,1977,7,Kakinada,GEN,Chinta Subbarao,M,Independents,IND,11151,656501
Andhra Pradesh,1977,7,Kakinada,GEN,Vaddi Mutyalarao,M,Bharatiya Lok Dal,BLD,145749,656501
Andhra Pradesh,1977,7,Kakinada,GEN,Sanjeevirao M. S.,M,Indian National Congress,INC,269017,656501
Andhra Pradesh,1977,8,Rajahmundry,GEN,Dadala Ramanayya,M,Independents,IND,1761,707836
Andhra Pradesh,1977,8,Rajahmundry,GEN,Vemavarapu Samuel,M,Independents,IND,2833,707836
Andhra Pradesh,1977,8,Rajahmundry,GEN,Padmaraju Varrey,M,Independents,IND,6157,707836
Andhra Pradesh,1977,8,Rajahmundry,GEN,Manthena Venkata Surya Subbaraju,M,Bharatiya Lok Dal,BLD,175564,707836
Andhra Pradesh,1977,8,Rajahmundry,GEN,Pattabhirama Rao S. B. P.,M,Indian National Congress,INC,292323,707836
Andhra Pradesh,1977,9,Amalapuram,SC,Mohanarao Kanety,M,Independents,IND,12534,639473
Andhra Pradesh,1977,9,Amalapuram,SC,B. V. Ramanayya,M,Bharatiya Lok Dal,BLD,135993,639473
Andhra Pradesh,1977,9,Amalapuram,SC,Kusuma Krishna Murty,M,Indian National Congress,INC,271982,639473
Andhra Pradesh,1977,10,Narasapur,GEN,Vedantam Venkata Subba Rao,M,Independents,IND,2344,670999
Andhra Pradesh,1977,10,Narasapur,GEN,Vegesna Bangarraju,M,Independents,IND,2401,670999
Andhra Pradesh,1977,10,Narasapur,GEN,Ganta Arunakumar,M,Republician Party Of India (Khobragade),RPK,15189,670999
Andhra Pradesh,1977,10,Narasapur,GEN,Satyanarayana Vanka,M,Communist Party Of India,CPI,42358,670999
Andhra Pradesh,1977,10,Narasapur,GEN,Uddaraju Ramam,M,Communist Party Of India (Marxist),CPM,142162,670999
Andhra Pradesh,1977,10,Narasapur,GEN,Alluri Subhash Chandra Bose,M,Indian National Congress,INC,256519,670999
Andhra Pradesh,1977,11,Eluru,GEN,Banda Surya Narayana,M,Independents,IND,1507,669778
Andhra Pradesh,1977,11,Eluru,GEN,Tamminaidu Raajaani ( Sivudu Naidu ),M,Independents,IND,8217,669778
Andhra Pradesh,1977,11,Eluru,GEN,Krishna Murthy Garapati,M,Bharatiya Lok Dal,BLD,156377,669778
Andhra Pradesh,1977,11,Eluru,GEN,Kommareddy Suryanarayana,M,Indian National Congress,INC,290410,669778
Andhra Pradesh,1977,12,Machilipatnam,GEN,Kakarla Babu Rao,M,Independents,IND,8615,642258
Andhra Pradesh,1977,12,Machilipatnam,GEN,Vadde Sobhanadreswara Rao,M,Bharatiya Lok Dal,BLD,185622,642258
Andhra Pradesh,1977,12,Machilipatnam,GEN,Ankineedu Maganti,M,Indian National Congress,INC,262551,642258
Andhra Pradesh,1977,13,Vijayawada,GEN,Christu Bhagwandas Netela,M,Independents,IND,977,646465
Andhra Pradesh,1977,13,Vijayawada,GEN,Krovvidy Suryaprakasarao,M,Independents,IND,3394,646465
Andhra Pradesh,1977,13,Vijayawada,GEN,Nanduri Prasada Rao,M,Communist Party Of India (Marxist),CPM,37583,646465
Andhra Pradesh,1977,13,Vijayawada,GEN,Desari Nagabhushana Rao,M,Communist Party Of India,CPI,52786,646465
Andhra Pradesh,1977,13,Vijayawada,GEN,Gottipati Murali Mohan,M,Bharatiya Lok Dal,BLD,119696,646465
Andhra Pradesh,1977,13,Vijayawada,GEN,Godey Murahari,M,Indian National Congress,INC,239733,646465
Andhra Pradesh,1977,14,Tenali,GEN,Avula Sambasiva Rao,M,Independents,IND,5005,659608
Andhra Pradesh,1977,14,Tenali,GEN,Gunturu Bapanaiah,M,Communist Party Of India (Marxist),CPM,187191,659608
Andhra Pradesh,1977,14,Tenali,GEN,Meduri Nageswara Rao,M,Indian National Congress,INC,244928,659608
Andhra Pradesh,1977,15,Guntur,GEN,Babu Rajendra Prasad Pulla,M,Independents,IND,1392,790342
Andhra Pradesh,1977,15,Guntur,GEN,Pandaraboina Sambasiva Rao Yadav,M,Independents,IND,2072,790342
Andhra Pradesh,1977,15,Guntur,GEN,Desu Anjaneyulu,M,Independents,IND,3205,790342
Andhra Pradesh,1977,15,Guntur,GEN,Balabhadradrapathruni Srinadha Rao,M,Independents,IND,3622,790342
Andhra Pradesh,1977,15,Guntur,GEN,Kasaraneini Sadasiva Rao,M,Bharatiya Lok Dal,BLD,205385,790342
Andhra Pradesh,1977,15,Guntur,GEN,Kotha Raghuramaiah,M,Indian National Congress,INC,290914,790342
Andhra Pradesh,1977,16,Bapatla,GEN,Doppalapudi Suba Rao,M,Independents,IND,6791,688651
Andhra Pradesh,1977,16,Bapatla,GEN,Jagarlamudi Chandramouli,M,Bharatiya Lok Dal,BLD,210492,688651
Andhra Pradesh,1977,16,Bapatla,GEN,Ankineedu Prasada Rao Pamulapati,M,Indian National Congress,INC,253438,688651
Andhra Pradesh,1977,17,Narasaraopet,GEN,Sabbasani Malla Reddy,M,Independents,IND,3743,750248
Andhra Pradesh,1977,17,Narasaraopet,GEN,Yakub Baig,M,Independents,IND,6413,750248
Andhra Pradesh,1977,17,Narasaraopet,GEN,Puthota Showraiah,M,Independents,IND,9250,750248
Andhra Pradesh,1977,17,Narasaraopet,GEN,Illuri Kotireddy,M,Bharatiya Lok Dal,BLD,158075,750248
Andhra Pradesh,1977,17,Narasaraopet,GEN,Brahmananda Reddy Kasu,M,Indian National Congress,INC,246146,750248
Andhra Pradesh,1977,18,Ongole,GEN,Gujjala Yallamanda Reddy,M,Communist Party Of India,CPI,35551,741462
Andhra Pradesh,1977,18,Ongole,GEN,Muppavarapu Venkaiah Alias Venkaiah Naidu,M,Bharatiya Lok Dal,BLD,162881,741462
Andhra Pradesh,1977,18,Ongole,GEN,Puli Venkata Reddy,M,Indian National Congress,INC,252206,741462
Andhra Pradesh,1977,19,Nellore,SC,Indurupalli Ramanaih,M,Independents,IND,9942,752778
Andhra Pradesh,1977,19,Nellore,SC,Prappancha Bhanuraju Thummalagunta,M,Communist Party Of India (Marxist),CPM,129404,752778
Andhra Pradesh,1977,19,Nellore,SC,Kamakshaiah Doddavarapu,M,Indian National Congress,INC,272184,752778
Andhra Pradesh,1977,20,Tirupathi,SC,Allam Krishnaiah,M,Bharatiya Lok Dal,BLD,200214,696337
Andhra Pradesh,1977,20,Tirupathi,SC,Balakrishnaiah Tambura,M,Indian National Congress,INC,240394,696337
Andhra Pradesh,1977,21,Chittoor,GEN,P. M. Errappa Naidu,M,Independents,IND,2942,699218
Andhra Pradesh,1977,21,Chittoor,GEN,Yellarubylu Rami Reddy,M,Independents,IND,7706,699218
Andhra Pradesh,1977,21,Chittoor,GEN,N. P. Changalraya Naidu,M,Bharatiya Lok Dal,BLD,218805,699218
Andhra Pradesh,1977,21,Chittoor,GEN,P. Rajagopal Naidu,M,Indian National Congress,INC,229252,699218
Andhra Pradesh,1977,22,Rajampet,GEN,Devalappalli Venkata Subbareddy,M,Independents,IND,5272,666802
Andhra Pradesh,1977,22,Rajampet,GEN,Sangaraju Seshagiri Rao,M,Independents,IND,10034,666802
Andhra Pradesh,1977,22,Rajampet,GEN,P. Thimma Reddy,M,Bharatiya Lok Dal,BLD,179293,666802
Andhra Pradesh,1977,22,Rajampet,GEN,Pothuraju Parthasarathi,M,Indian National Congress,INC,233844,666802
Andhra Pradesh,1977,23,Cuddapah,GEN,Polanki Venkata Subbaiah,M,Independents,IND,2827,698750
Andhra Pradesh,1977,23,Cuddapah,GEN,Y. Eswara Reddy,M,Communist Party Of India,CPI,15794,698750
Andhra Pradesh,1977,23,Cuddapah,GEN,Vutukuru Rami Reddy,M,Bharatiya Lok Dal,BLD,224789,698750
Andhra Pradesh,1977,23,Cuddapah,GEN,Kandala Obul Reddy,M,Indian National Congress,INC,232351,698750
Andhra Pradesh,1977,24,Hindupur,GEN,A. Venkata Narayana Reddy,M,Independents,IND,1014,650347
Andhra Pradesh,1977,24,Hindupur,GEN,P. Narayana,M,Independents,IND,5153,650347
Andhra Pradesh,1977,24,Hindupur,GEN,K. Ramachandra Reddy,M,Bharatiya Lok Dal,BLD,146764,650347
Andhra Pradesh,1977,24,Hindupur,GEN,P. Bayapa Reddy,M,Indian National Congress,INC,236797,650347
Andhra Pradesh,1977,25,Anantapur,GEN,D. Narayanaswamy,M,Bharatiya Lok Dal,BLD,173071,640440
Andhra Pradesh,1977,25,Anantapur,GEN,Darur Pullaiah,M,Indian National Congress,INC,215279,640440
Andhra Pradesh,1977,26,Kurnool,GEN,N. Issac,M,Independents,IND,2355,722409
Andhra Pradesh,1977,26,Kurnool,GEN,Seshaiah,M,Independents,IND,13221,722409
Andhra Pradesh,1977,26,Kurnool,GEN,Somappa,M,Bharatiya Lok Dal,BLD,71385,722409
Andhra Pradesh,1977,26,Kurnool,GEN,K. Vijaya Bhaskara Reddy,M,Indian National Congress,INC,270741,722409
Andhra Pradesh,1977,27,Nandyal,GEN,Lakka Devanandam,M,Independents,IND,4774,675340
Andhra Pradesh,1977,27,Nandyal,GEN,Pendakanti Venkata Subbaiah,M,Indian National Congress,INC,222404,675340
Andhra Pradesh,1977,27,Nandyal,GEN,Neelam Sanjeeva Reddy,M,Bharatiya Lok Dal,BLD,258147,675340
Andhra Pradesh,1977,28,Nagarkurnool,SC,Puttapaga Padhakrishna,M,Bharatiya Lok Dal,BLD,115625,643692
Andhra Pradesh,1977,28,Nagarkurnool,SC,Mailala Bheeshma Dev,M,Indian National Congress,INC,238388,643692
Andhra Pradesh,1977,29,Mahabubnagar,GEN,M. Sudarshan Reddy,M,Independents,IND,5276,698700
Andhra Pradesh,1977,29,Mahabubnagar,GEN,D. K. Satya Reddy,M,Bharatiya Lok Dal,BLD,121966,698700
Andhra Pradesh,1977,29,Mahabubnagar,GEN,J. Rameshwara Rao,M,Indian National Congress,INC,216455,698700
Andhra Pradesh,1977,30,Hyderabad,GEN,Gummakonda Srinivasa Reddy,M,Independents,IND,2424,586201
Andhra Pradesh,1977,30,Hyderabad,GEN,Raja Ram Shastry,M,Akhil Bharati Ramrajya Parishad,RRP,3138,586201
Andhra Pradesh,1977,30,Hyderabad,GEN,Mir Ahmed Ali Khan,M,Bharatiya Lok Dal,BLD,86689,586201
Andhra Pradesh,1977,30,Hyderabad,GEN,Sultan Salahuddin Owaisi,M,Independents,IND,91227,586201
Andhra Pradesh,1977,30,Hyderabad,GEN,K. S. Narayana,M,Indian National Congress,INC,156295,586201
Andhra Pradesh,1977,31,Secunderabad,GEN,B. G. Keskar,M,Akhil Bharat Hindu Mahasabha,HMS,664,615045
Andhra Pradesh,1977,31,Secunderabad,GEN,M. Sojee,M,Independents,IND,1413,615045
Andhra Pradesh,1989,4,Visakhapatnam,GEN,Uma Gajapathi Raju Poosapati,F,Indian National Congress,INC,352326,1073318
Andhra Pradesh,1989,5,Bhadrachalam,ST,Badavath Nehru Bapuji,M,Independent,IND,13133,941288
Andhra Pradesh,1989,5,Bhadrachalam,ST,K.P. Santi Raju,M,Independent,IND,26670,941288
Andhra Pradesh,1989,5,Bhadrachalam,ST,Ramaith Sode,M,Communist Party Of India,CPI,246662,941288
Andhra Pradesh,1989,5,Bhadrachalam,ST,Kariyeddula Kamala Kumari,F,Indian National Congress,INC,270648,941288
Andhra Pradesh,1989,6,Anakapalli,GEN,Veesam Sanyasinaidu,M,Independent,IND,35388,893262
Andhra Pradesh,1989,6,Anakapalli,GEN,Appalanarasimham,M,Telugu Desam,TDP,299100,893262
Andhra Pradesh,1989,6,Anakapalli,GEN,Konathala Ramakrishna,M,Indian National Congress,INC,299109,893262
Andhra Pradesh,1989,7,Kakinada,GEN,Sundaraiah,M,Bahujan Samaj Party,BSP,8536,979213
Andhra Pradesh,1989,7,Kakinada,GEN,Thota Rakanja Neyulu,M,Independent,IND,11739,979213
Andhra Pradesh,1989,7,Kakinada,GEN,Thota Gopala Krishna,M,Telugu Desam,TDP,300698,979213
Andhra Pradesh,1989,7,Kakinada,GEN,Mallipudi Mangapathi Pallamraju,M,Indian National Congress,INC,383681,979213
Andhra Pradesh,1989,8,Rajahmundry,GEN,Booka Sriramakrishna,M,Bahujan Samaj Party,BSP,1652,972851
Andhra Pradesh,1989,8,Rajahmundry,GEN,Nithala Jagga Rao,M,Independent,IND,1910,972851
Andhra Pradesh,1989,8,Rajahmundry,GEN,Alla Arun Kumar,M,Janata Pary (Jp),JNP (JP),2459,972851
Andhra Pradesh,1989,8,Rajahmundry,GEN,Chundru Srihari,M,Telugu Desam,TDP,327992,972851
Andhra Pradesh,1989,8,Rajahmundry,GEN,Jamuna,F,Indian National Congress,INC,386314,972851
Andhra Pradesh,1989,9,Amalapuram,SC,Bonthu Ramesh Babu,M,Independent,IND,819,835700
Andhra Pradesh,1989,9,Amalapuram,SC,Badugu Surya Narayana Murty,M,Independent,IND,2813,835700
Andhra Pradesh,1989,9,Amalapuram,SC,Geddam Ranga Nadha Swami,M,Bahujan Samaj Party,BSP,4598,835700
Andhra Pradesh,1989,9,Amalapuram,SC,Kusuma Krishna Murty,M,Indian National Congress,INC,339419,835700
Andhra Pradesh,1989,10,Narasapur,GEN,Vegesana Bangarraju,M,Independent,IND,1259,931902
Andhra Pradesh,1989,10,Narasapur,GEN,Gadiraju Venkata Suryanarayana Raju,M,Janata Pary (Jp),JNP (JP),2087,931902
Andhra Pradesh,1989,10,Narasapur,GEN,Saikile David Prabhakar,M,Independent,IND,3028,931902
Andhra Pradesh,1989,10,Narasapur,GEN,Gudusarveswara Rao,M,Independent,IND,3306,931902
Andhra Pradesh,1989,10,Narasapur,GEN,Nachu Seshagiri Rao,M,Indian National Congress,INC,320413,931902
Andhra Pradesh,1989,10,Narasapur,GEN,Bhupatiraju Vijaya Kumar Raju,M,Telugu Desam,TDP,334215,931902
Andhra Pradesh,1989,11,Eluru,GEN,Guruvindapalli,M,Independent,IND,1367,981369
Andhra Pradesh,1989,11,Eluru,GEN,Sagiraju Surya Narayana Raju,M,Independent,IND,1954,981369
Andhra Pradesh,1989,11,Eluru,GEN,Guduri Sarveswarao,M,Independent,IND,2185,981369
Andhra Pradesh,1989,11,Eluru,GEN,Bolla Bulli Ramalah,M,Telugu Desam,TDP,339301,981369
Andhra Pradesh,1989,11,Eluru,GEN,Krishana,M,Indian National Congress,INC,410708,981369
Andhra Pradesh,1989,12,Machilipatnam,GEN,Subrahmanyeswar Rao Atluri,M,Independent,IND,384,908538
Andhra Pradesh,1989,12,Machilipatnam,GEN,Tadikonda Venkata Nancharaiah,M,Independent,IND,777,908538
Andhra Pradesh,1989,12,Machilipatnam,GEN,Narra Gopichandu,M,Independent,IND,1325,908538
Andhra Pradesh,1989,12,Machilipatnam,GEN,Majji Janardhana Rao,M,Independent,IND,1346,908538
Andhra Pradesh,1989,12,Machilipatnam,GEN,Dokku Rajusekharam,M,Bahujan Samaj Party,BSP,1664,908538
Andhra Pradesh,1989,12,Machilipatnam,GEN,Yanduri Subrehmanyeswara Rao,M,Independent,IND,2034,908538
Andhra Pradesh,1989,12,Machilipatnam,GEN,Gangaiah Chalamala Setty,M,Independent,IND,7887,908538
Andhra Pradesh,1989,12,Machilipatnam,GEN,Boppana Gangadhara Chaudry,M,Telugu Desam,TDP,311044,908538
Andhra Pradesh,1989,12,Machilipatnam,GEN,Sambasivarao Kavuri,M,Indian National Congress,INC,354533,908538
Andhra Pradesh,1989,13,Vijayawada,GEN,Buddiraju Venkateswararao,M,Independent,IND,663,1106132
Andhra Pradesh,1989,13,Vijayawada,GEN,Mohmmad Feroj Taj,M,Independent,IND,933,1106132
Andhra Pradesh,1989,13,Vijayawada,GEN,Nannapanenei Baskararao,M,Vijaya Shakti,VJS,1093,1106132
Andhra Pradesh,1989,13,Vijayawada,GEN,Boppuri Mojes,M,Independent,IND,1122,1106132
Andhra Pradesh,1989,13,Vijayawada,GEN,Puppala Sivasankararai,M,Independent,IND,1415,1106132
Andhra Pradesh,1989,13,Vijayawada,GEN,Lavanam,M,Independent,IND,1452,1106132
Andhra Pradesh,1989,13,Vijayawada,GEN,Chigurupati Nageswararao,M,Independent,IND,3418,1106132
Andhra Pradesh,1989,13,Vijayawada,GEN,D.V.Dass,M,Bahujan Samaj Party,BSP,4812,1106132
Andhra Pradesh,1989,13,Vijayawada,GEN,Vadde Sobhanadreeswarrarao,M,Telugu Desam,TDP,365663,1106132
Andhra Pradesh,1989,13,Vijayawada,GEN,Chennupati Vidya,F,Indian National Congress,INC,423867,1106132
Andhra Pradesh,1989,14,Tenali,GEN,Srinivas Kamarajugadda,M,Independent,IND,1702,890858
Andhra Pradesh,1989,14,Tenali,GEN,Vamanadasu Veernala,M,Independent,IND,1860,890858
Andhra Pradesh,1989,14,Tenali,GEN,Naag Roop,M,Republican Party Of India (Khobragade),RPK,2521,890858
Andhra Pradesh,1989,14,Tenali,GEN,Ummareddy Venkateswarlu,M,Telugu Desam,TDP,280962,890858
Andhra Pradesh,1989,14,Tenali,GEN,Basavapannayya Singam,M,Indian National Congress,INC,345150,890858
Andhra Pradesh,1989,15,Guntur,GEN,Kolli Venkatareddy,M,Independent,IND,973,1114045
Andhra Pradesh,1989,15,Guntur,GEN,Kanna Suryanarayana,M,Independent,IND,1179,1114045
Andhra Pradesh,1989,15,Guntur,GEN,Vutukuru Venkamaraju,M,Independent,IND,1682,1114045
Andhra Pradesh,1989,15,Guntur,GEN,Vuyyuru Bramareddy,M,Janata Pary (Jp),JNP (JP),1872,1114045
Andhra Pradesh,1989,15,Guntur,GEN,Koteswararao M.S.S,M,Telugu Desam,TDP,339545,1114045
Andhra Pradesh,1989,15,Guntur,GEN,N.G.Ranga,M,Indian National Congress,INC,404558,1114045
Andhra Pradesh,1989,16,Bapatla,GEN,Vilinder Kumar Varadhanapu,M,Independent,IND,2571,999676
Andhra Pradesh,1989,16,Bapatla,GEN,Challagali Kotamraju,M,Independent,IND,3324,999676
Andhra Pradesh,1989,16,Bapatla,GEN,Thiruveedhula Sankara Rao,M,Independent,IND,7689,999676
Andhra Pradesh,1989,16,Bapatla,GEN,Muppavarapu Venkaiah Naidu,M,Bharatiya Janata Party,BJP,320388,999676
Andhra Pradesh,1989,16,Bapatla,GEN,Salagala Benjamin,M,Indian National Congress,INC,364008,999676
Andhra Pradesh,1989,17,Narasaraopet,GEN,Dattatrya K Kannaiah,M,Independent,IND,847,1138866
Andhra Pradesh,1989,17,Narasaraopet,GEN,Anumolu Narayanarao,M,Independent,IND,1087,1138866
Andhra Pradesh,1989,17,Narasaraopet,GEN,Janapati Tirupatirao,M,Independent,IND,1278,1138866
Andhra Pradesh,1989,17,Narasaraopet,GEN,Nagireddy Julakanti,M,Independent,IND,1872,1138866
Andhra Pradesh,1989,17,Narasaraopet,GEN,Brahmanandam Popuri,M,Independent,IND,2108,1138866
Andhra Pradesh,1989,17,Narasaraopet,GEN,Seera Subbaraudugupta,M,Independent,IND,2126,1138866
Andhra Pradesh,1989,17,Narasaraopet,GEN,Gangisetti Ramakrishna,M,Independent,IND,3362,1138866
Andhra Pradesh,1989,17,Narasaraopet,GEN,Janakiraju Upputholla,M,Bahujan Samaj Party,BSP,3810,1138866
Andhra Pradesh,1989,17,Narasaraopet,GEN,Pidatala Renga Reddy,M,Telugu Desam,TDP,336583,1138866
Andhra Pradesh,1989,17,Narasaraopet,GEN,Kasu Venkata Krishna Reddy,M,Indian National Congress,INC,402289,1138866
Andhra Pradesh,1989,18,Ongole,GEN,Ismail Md.,M,Independent,IND,883,1107153
Andhra Pradesh,1989,18,Ongole,GEN,Tadi Anthoni,M,Independent,IND,1401,1107153
Andhra Pradesh,1989,18,Ongole,GEN,Sreenivasa Rao Bharathula,M,Independent,IND,2581,1107153
Andhra Pradesh,1989,18,Ongole,GEN,R. S. Rao,M,Independent,IND,2750,1107153
Andhra Pradesh,1989,18,Ongole,GEN,Bapatla Somiah,M,Independent,IND,4002,1107153
Andhra Pradesh,1989,18,Ongole,GEN,Narayanaswamy Katuri,M,Telugu Desam,TDP,298912,1107153
Andhra Pradesh,1989,18,Ongole,GEN,Rajamohana Reddy Mekapati,M,Indian National Congress,INC,396282,1107153
Andhra Pradesh,1989,19,Nellore,SC,Arcot Ratnam,M,Independent,IND,612,1064416
Andhra Pradesh,1989,19,Nellore,SC,A.G.Chattarji,M,Independent,IND,1969,1064416
Andhra Pradesh,1989,19,Nellore,SC,P.Hazarathaiah,M,Independent,IND,2084,1064416
Andhra Pradesh,1989,19,Nellore,SC,R.S.Rao,M,Independent,IND,2314,1064416
Andhra Pradesh,1989,19,Nellore,SC,Talakayala Koteswara Rao,M,Independent,IND,2724,1064416
Andhra Pradesh,1989,19,Nellore,SC,Peddabbi Donti,M,Bahujan Samaj Party,BSP,4256,1064416
Andhra Pradesh,1989,19,Nellore,SC,Jonnalagadda Chinnaiah,M,Independent,IND,17451,1064416
Andhra Pradesh,1989,19,Nellore,SC,M.Nagabhushanamma,F,Telugu Desam,TDP,305763,1064416
Andhra Pradesh,1989,19,Nellore,SC,Putchalapalli Penchalaiah,M,Indian National Congress,INC,377602,1064416
Andhra Pradesh,1989,20,Tirupathi,SC,K.S.Maniratnam,M,Independent,IND,1568,1077859
Andhra Pradesh,1989,20,Tirupathi,SC,G.Venu,M,Independent,IND,1627,1077859
Andhra Pradesh,1989,20,Tirupathi,SC,Nagadev,M,Independent,IND,1744,1077859
Andhra Pradesh,1989,20,Tirupathi,SC,P.Gurappa,M,Bahujan Samaj Party,BSP,2398,1077859
Andhra Pradesh,1989,20,Tirupathi,SC,M.Muragaiah,M,Telugu Desam,TDP,333557,1077859
Andhra Pradesh,1989,20,Tirupathi,SC,Chinta Mohan,M,Indian National Congress,INC,406057,1077859
Andhra Pradesh,1989,21,Chittoor,GEN,Kampalle Sivaramalah,M,Independent,IND,1091,1002523
Andhra Pradesh,1989,21,Chittoor,GEN,Nagadev,M,Independent,IND,1467,1002523
Andhra Pradesh,1989,21,Chittoor,GEN,P.Narendra,M,Independent,IND,1661,1002523
Andhra Pradesh,1989,21,Chittoor,GEN,N.Rajappa,M,Independent,IND,2449,1002523
Andhra Pradesh,1989,21,Chittoor,GEN,G.B.Naidu,M,Independent,IND,2603,1002523
Andhra Pradesh,1989,21,Chittoor,GEN,S.A.Ismail,M,Bahujan Samaj Party,BSP,4383,1002523
Andhra Pradesh,1989,21,Chittoor,GEN,N.Rangaswamy,M,Telugu Desam,TDP,308278,1002523
Andhra Pradesh,1989,21,Chittoor,GEN,Gnanendra Reddy,M,Indian National Congress,INC,390786,1002523
Andhra Pradesh,1989,22,Rajampet,GEN,Shaik Abdul Salaam,M,Independent,IND,891,945601
Andhra Pradesh,1989,22,Rajampet,GEN,R.K. Rajarathnam,M,Independent,IND,1708,945601
Andhra Pradesh,1989,22,Rajampet,GEN,Nagaraju Konduru,M,Janata Pary (Jp),JNP (JP),4248,945601
Andhra Pradesh,1989,22,Rajampet,GEN,Asadi Venkatadri,M,Independent,IND,6269,945601
Andhra Pradesh,1989,22,Rajampet,GEN,Ramachandraiah C.,M,Telugu Desam,TDP,302373,945601
Andhra Pradesh,1989,22,Rajampet,GEN,Annaiahgari Sai Prathap,M,Indian National Congress,INC,340796,945601
Andhra Pradesh,1989,23,Cuddapah,GEN,Lomada Vasudeva Reddy,M,Independent,IND,2181,1135322
Andhra Pradesh,1989,23,Cuddapah,GEN,Chimikala Rama Krishna Reddy,M,Independent,IND,2263,1135322
Andhra Pradesh,1989,23,Cuddapah,GEN,M.V.Ramana Reddy,M,Telugu Desam,TDP,313772,1135322
Andhra Pradesh,1989,23,Cuddapah,GEN,Y.S.Rajasekhar Reddy,M,Indian National Congress,INC,480524,1135322
Andhra Pradesh,1989,24,Hindupur,GEN,K.Rameschandra Reddy,M,Telugu Desam,TDP,325344,984977
Andhra Pradesh,1989,24,Hindupur,GEN,S.Gangadhara,M,Indian National Congress,INC,327512,984977
Andhra Pradesh,1989,25,Anantapur,GEN,B. Ramrarao,M,Independent,IND,3003,1013902
Andhra Pradesh,1989,25,Anantapur,GEN,P.J. Dhanaraj,M,Bahujan Samaj Party,BSP,6484,1013902
Andhra Pradesh,1989,25,Anantapur,GEN,G. Ramanna Chowdary,M,Telugu Desam,TDP,290203,1013902
Andhra Pradesh,1989,25,Anantapur,GEN,Anantha Venkata Reddy,M,Indian National Congress,INC,349685,1013902
Andhra Pradesh,1989,26,Kurnool,GEN,T. Sudhakar,M,Independent,IND,1030,968645
Andhra Pradesh,1989,26,Kurnool,GEN,Y. Gurudasu,M,Independent,IND,4693,968645
Andhra Pradesh,1989,26,Kurnool,GEN,M.S. Sajid,M,Independent,IND,5539,968645
Andhra Pradesh,1989,26,Kurnool,GEN,Erasu Ayyapu Reddy,M,Telugu Desam,TDP,253537,968645
Andhra Pradesh,1989,26,Kurnool,GEN,Kotla Vijay Bhaskara Reddy,M,Indian National Congress,INC,363955,968645
Andhra Pradesh,1989,27,Nandyal,GEN,Seella Sanjeevareddy,M,Janata Pary (Jp),JNP (JP),2850,1001172
Andhra Pradesh,1989,27,Nandyal,GEN,Magham Gangadharam Setty,M,Independent,IND,3321,1001172
Andhra Pradesh,1989,27,Nandyal,GEN,Madduru Subba Reddy,M,Telugu Desam,TDP,313835,1001172
Andhra Pradesh,1989,27,Nandyal,GEN,Bojja Venkata Reddy,M,Indian National Congress,INC,370097,1001172
Andhra Pradesh,1989,28,Nagarkurnool,SC,Pedda Nagaiah,M,Independent,IND,4551,1000322
Andhra Pradesh,1989,28,Nagarkurnool,SC,Chandraiah,M,Bahujan Samaj Party,BSP,13522,1000322
Andhra Pradesh,1989,28,Nagarkurnool,SC,V.Tulassi Ram,M,Telugu Desam,TDP,291852,1000322
Andhra Pradesh,1989,28,Nagarkurnool,SC,Anatha Ramulu Mullu,M,Indian National Congress,INC,363026,1000322
Andhra Pradesh,1989,29,Mahabubnagar,GEN,Anjaneyulu,M,Independent,IND,945,1038379
Andhra Pradesh,1989,29,Mahabubnagar,GEN,Sadasiva Reddy,M,Independent,IND,2904,1038379